Genotype,Major_Lineage
1III,1III_A
1III,1III_B
1IV,1IV_A
1IV,1IV_B
1IV,1IV_C
1I,1I_A
1I,1I_B
1I,1I_C
1I,1I_D
1I,1I_E
1I,1I_F
1I,1I_G
1I,1I_H
1I,1I_J
1I,1I_K
1VII,1VII_A
1VII,1VII_B
1V,1V_A
1V,1V_B
1V,1V_C
1V,1V_D
1V,1V_E
1V,1V_F
1V,1V_G
1V,1V_H
1V,1V_J
2III,2III_A
2III,2III_B
2III,2III_C
2III,2III_D
2III,2III_E
2II,2II_A
2II,2II_B
2II,2II_C
2II,2II_D
2II,2II_E
2II,2II_F
2V,2V_A
2V,2V_B
2V,2V_C
2V,2V_D
2V,2V_E
3III,3III_A
3III,3III_B
3III,3III_C
3II,3II_A
3II,3II_B
3I,3I_A
3I,3I_B
3I,3I_C
4II,4II_A
4II,4II_B
4I,4I_A
4I,4I_B
